Lionel;Croatia;nec@arcuiaculisenim.com;;
Kasimir;Slovakia;justo@diamatpretium.ca;;
Barclay;Mauritania;mus.Proin@Integer.com;;
Joan;NorfolkIsland;eu.nulla@nec.org;;
Courtney;Honduras;laoreet.posuere@orciconsectetuereuismod.com;;
Jin;Nepal;Fusce.feugiat.Lorem@lorem.ca;;
Nissim;Liberia;sem.elit.pharetra@atsem.ca;;
Channing;Swaziland;quis.diam@ut.co.uk;;
Benjamin;Armenia;sem.mollis.dui@lorem.edu;;
Lester;WallisandFutuna;odio.Nam@Namnullamagna.org;;
Sylvia;Guernsey;euismod.ac.fermentum@tellus.org;;
Kirk;Tunisia;Donec@vulputateposuere.edu;;
Kibo;Netherlands;elit.Nulla.facilisi@Pellentesquetincidunt.com;;
Thomas;Tajikistan;malesuada@mitemporlorem.net;;
Bruce;Latvia;nisi.nibh@vulputateeuodio.com;;
Zephania;Mexico;mattis.ornare@cursuset.edu;;
Richard;Tajikistan;cursus.diam@Quisqueimperdieterat.ca;;
Roth;Austria;a@vel.org;;
Genevieve;Syria;mauris.erat@massalobortisultrices.co.uk;;
Abdul;Israel;nec.leo@lectuspedeultrices.co.uk;;
Murphy;Greenland;volutpat@dictumProineget.net;;
Josephine;Bulgaria;Fusce.diam.nunc@massaMaurisvestibulum.ca;;
Ashton;KoreaSouth;consectetuer.rhoncus@neque.edu;;
Illana;AmericanSamoa;Nunc.mauris@amet.com;;
Lillith;CongotheDemocraticRepublicofthe;diam.luctus@habitantmorbi.edu;;
Sierra;Comoros;magna@metus.net;;
Athena;Poland;commodo@loremsitamet.co.uk;;
Stuart;Qatar;Sed@Proinmi.com;;
Ulysses;Mauritania;Duis@vitaealiquet.org;;
Ryder;Bhutan;mus.Proin.vel@accumsaninterdum.edu;;
Karyn;Sudan;eleifend.nunc@luctusfelispurus.ca;;
Gail;Senegal;interdum.libero@fringillaeuismod.org;;
Reese;Somalia;pede.ultrices.a@pedenonummyut.ca;;
Dante;Montenegro;lorem@placerat.edu;;
Leroy;Nigeria;lacus.Aliquam@duiCras.ca;;
Howard;HeardIslandandMcdonaldIslands;In.nec@dapibusquamquis.org;;
Raven;HeardIslandandMcdonaldIslands;ligula@nonlorem.edu;;
Mason;Mayotte;pellentesque.eget@odio.org;;
Drew;ChristmasIsland;tempor@euaugue.net;;
Hall;Antarctica;non.bibendum.sed@porttitoreros.com;;
Clarke;CentralAfricanRepublic;libero@Vestibulum.edu;;
Megan;Germany;est@Donecfelis.net;;
Jelani;Morocco;Fusce.feugiat@convallis.net;;
Matthew;Algeria;nibh@nislsem.net;;
Holmes;Suriname;orci.in@leoCras.org;;
Nissim;Belize;arcu@egetipsumDonec.edu;;
Moana;WesternSahara;cursus@eratEtiam.ca;;
Drew;Antarctica;condimentum.Donec@Seddictum.com;;
Timon;UnitedStatesMinorOutlyingIslands;risus@sempertellusid.org;;
Hop;Gambia;a.neque.Nullam@acrisus.net;;
Rooney;HolySeeVaticanCityState;diam.vel.arcu@urna.net;;
Jakeem;Jordan;convallis@elita.org;;
Stella;Gibraltar;dictum@inlobortis.com;;
Macey;Gambia;Nam.ligula@magnis.ca;;
Yoko;Myanmar;ullamcorper.Duis.cursus@dictumauguemalesuada.ca;;
Vera;Israel;velit.egestas@euerosNam.net;;
Hollee;Egypt;neque.non.quam@interdumliberodui.net;;
Katelyn;Chad;sodales@ultricessit.edu;;
Athena;PalestineStateof;mus@infaucibus.net;;
Dieter;Belize;Sed@Utnecurna.edu;;
Vielka;Serbia;Etiam.imperdiet.dictum@vitaealiquetnec.edu;;
Drake;Burundi;eros@semelit.ca;;
Preston;Tonga;hendrerit@lectuspede.co.uk;;
Chelsea;Switzerland;nunc.est.mollis@pellentesque.net;;
Madison;FalklandIslands;commodo.auctor.velit@sociis.ca;;
Leila;Guatemala;vel@euismodurna.com;;
Hayes;Bangladesh;mollis@necmetus.com;;
Aretha;Sweden;libero.at.auctor@odiosempercursus.co.uk;;
Keaton;SintMaarten;diam.Proin@dictum.org;;
Imogene;Martinique;posuere.vulputate.lacus@lectuspede.ca;;
Hope;Guadeloupe;egestas@senectusetnetus.org;;
Timothy;Belgium;convallis.dolor@acmattis.com;;
Libby;FalklandIslands;convallis.convallis@Crassedleo.co.uk;;
Yael;Yemen;Mauris.vel@fermentum.ca;;
Chloe;SaintHelenaAscensionandTristandaCunha;enim.nec@sitamet.org;;
Kerry;Netherlands;ac@facilisiSedneque.net;;
Ingrid;Haiti;non.enim.commodo@enim.org;;
Ina;Burundi;placerat@nuncestmollis.edu;;
Peter;IsleofMan;Lorem@Duis.co.uk;;
Adria;Slovakia;enim.consequat.purus@porttitor.com;;
Beatrice;Zimbabwe;velit.egestas@porttitorinterdum.com;;
Josephine;Kazakhstan;Nunc@erat.ca;;
Hashim;UnitedStatesMinorOutlyingIslands;enim.condimentum@enimnislelementum.org;;
Stone;Lithuania;mauris@Vivamusrhoncus.co.uk;;
Larissa;Mayotte;scelerisque@aduiCras.ca;;
Madaline;Anguilla;ligula.Nullam@diamSeddiam.edu;;
Noah;RussianFederation;consequat@Donecfeugiat.edu;;
Dale;Mexico;erat.semper@erosProin.ca;;
Heidi;Bahrain;Nullam.velit@Duis.com;;
Jaime;Kyrgyzstan;non@est.org;;
Jayme;Namibia;Lorem.ipsum.dolor@diamloremauctor.net;;
Lavinia;Georgia;facilisis@mollisIntegertincidunt.net;;
Jocelyn;CaymanIslands;lacus.Quisque@orcilobortisaugue.net;;
Cara;SaintHelenaAscensionandTristandaCunha;primis.in@aliquetmolestie.org;;
Portia;Austria;mattis.semper@auctorMauris.net;;
Jessamine;Guernsey;magna.a@habitantmorbitristique.edu;;
Nerea;DominicanRepublic;enim.commodo@Crasdictum.com;;
Callum;Vanuatu;Curabitur.egestas@dictummagnaUt.ca;;
Andrew;Laos;urna.nec.luctus@egestaslacinia.co.uk;;
Kane;Bahrain;vel.arcu.eu@inmagna.ca;;
